town,date,max_temp_c,min_temp_c,avg_temp_c,humidity,precipitation_mm,wind_kph,condition
Nairobi,2023-10-12,29.3,16.6,22.3,53,0.0,23.8,Partly cloudy
Nairobi,2023-10-13,29.1,16.3,22.3,49,0.0,22.7,Sunny
Nairobi,2023-10-14,30.9,16.5,23.4,51,0.18,25.6,Patchy rain possible
Nairobi,2023-10-15,28.8,16.6,22.2,58,0.1,27.4,Patchy rain possible
Nairobi,2023-10-16,28.3,16.6,21.8,62,0.52,26.3,Patchy rain possible
Nairobi,2023-10-17,28.7,16.2,22.1,57,0.02,24.8,Partly cloudy
Nairobi,2023-10-18,28.9,16.3,21.6,62,0.36,28.4,Patchy rain possible
Nairobi,2023-10-19,24.5,16.5,20.2,69,4.21,24.5,Light rain shower
Nairobi,2023-10-20,27.0,16.1,21.0,63,0.43,24.8,Patchy rain possible
Nairobi,2023-10-21,27.6,16.4,21.3,61,0.97,24.1,Patchy rain possible
Nairobi,2023-10-22,28.7,15.7,21.5,53,0.05,23.8,Partly cloudy
Nairobi,2023-10-23,29.2,14.9,21.6,45,0.0,23.4,Sunny
Nairobi,2023-10-24,29.1,17.7,22.3,54,0.07,25.2,Sunny
Nairobi,2023-10-25,26.0,17.6,21.2,65,2.24,21.6,Patchy rain possible
Nairobi,2023-10-26,28.0,16.2,21.1,62,0.31,28.4,Patchy rain possible
Nairobi,2023-10-27,28.0,16.0,21.5,58,0.84,25.9,Light rain shower
Nairobi,2023-10-28,25.2,15.8,20.5,62,0.27,20.5,Patchy rain possible
Nairobi,2023-10-29,27.9,15.6,21.2,60,0.09,25.2,Patchy rain possible
Nairobi,2023-10-30,27.5,15.9,20.4,66,2.82,24.8,Patchy rain possible
Nairobi,2023-10-31,27.3,16.0,20.4,67,2.45,26.3,Light rain shower
Nairobi,2023-11-01,24.6,15.5,19.9,68,1.53,19.8,Patchy rain possible
Nairobi,2023-11-02,23.6,16.7,19.5,74,7.36,18.7,Light rain shower
Nairobi,2023-11-03,22.7,16.6,18.6,82,21.08,18.4,Patchy light drizzle
Nairobi,2023-11-04,17.2,16.0,16.7,91,12.57,7.2,Light rain shower
Nairobi,2023-11-05,23.7,14.7,18.6,77,0.96,16.9,Patchy rain possible
Nairobi,2023-11-06,23.3,16.3,18.6,83,9.48,15.5,Light rain shower
Nairobi,2023-11-07,20.1,16.3,17.6,88,6.18,15.1,Light rain shower
Nairobi,2023-11-08,23.6,15.6,18.8,81,4.06,19.1,Light rain shower
Nairobi,2023-11-09,22.2,16.6,18.2,86,13.28,13.3,Light rain shower
Nairobi,2023-11-10,19.9,16.3,17.2,90,23.75,12.6,Moderate rain
Nairobi,2023-11-11,18.6,15.4,16.6,91,6.48,12.6,Light rain shower
Nairobi,2023-11-12,22.8,15.0,18.1,85,3.91,19.8,Light rain shower
Nairobi,2023-11-13,23.7,16.1,18.7,83,3.83,22.0,Patchy rain possible
Nairobi,2023-11-14,24.2,15.9,19.0,81,2.78,20.2,Patchy rain possible
Nairobi,2023-11-15,23.7,15.9,18.9,80,2.53,18.7,Light rain shower
Nairobi,2023-11-16,23.0,16.2,18.8,81,2.81,19.1,Light rain shower
Nairobi,2023-11-17,23.7,16.2,19.2,78,4.07,20.5,Patchy light drizzle
Nairobi,2023-11-18,24.1,16.4,19.2,73,0.85,21.6,Patchy rain possible
Nairobi,2023-11-19,23.5,15.7,18.8,81,4.82,19.1,Light rain shower
Nairobi,2023-11-20,23.3,16.0,18.8,79,4.12,20.5,Patchy rain possible
Nairobi,2023-11-21,24.1,15.3,18.6,82,3.7,20.9,Light rain shower
Nairobi,2023-11-22,20.5,14.9,16.8,91,24.79,18.0,Heavy rain
Nairobi,2023-11-23,22.3,15.5,18.0,86,3.87,21.6,Light rain shower
Nairobi,2023-11-24,19.8,15.3,16.7,91,7.52,12.2,Light rain shower
Nairobi,2023-11-25,23.9,14.7,18.6,81,2.07,19.4,Patchy rain possible
Nairobi,2023-11-26,22.8,16.1,18.0,87,6.63,18.4,Light rain shower
Nairobi,2023-11-27,24.2,15.6,18.6,82,1.48,18.0,Fog
Nairobi,2023-11-28,22.5,15.9,18.1,85,5.13,16.9,Light rain shower
Nairobi,2023-11-29,24.7,15.7,19.2,75,0.16,23.0,Patchy rain possible
Nairobi,2023-11-30,24.6,14.6,19.0,72,0.07,23.0,Patchy rain possible
Nairobi,2023-12-01,24.9,14.4,19.0,72,0.06,23.0,Partly cloudy
Nairobi,2023-12-02,24.9,15.1,18.9,76,3.75,20.9,Patchy light rain
Nairobi,2023-12-03,25.1,15.0,19.0,79,1.28,24.8,Patchy rain possible
Nairobi,2023-12-04,24.4,14.8,18.8,76,0.12,24.8,Patchy rain possible
Nairobi,2023-12-05,25.0,15.3,19.4,73,0.62,24.5,Patchy rain possible
Nairobi,2023-12-06,24.2,16.2,19.2,79,1.59,20.2,Patchy rain possible
Nairobi,2023-12-07,26.0,15.3,19.4,76,1.06,20.9,Patchy rain possible
Nairobi,2023-12-08,25.7,15.1,19.4,73,0.54,22.3,Patchy rain possible
Nairobi,2023-12-09,24.6,15.2,19.6,73,0.5,18.4,Patchy rain possible
Nairobi,2023-12-10,24.3,15.6,18.5,81,2.1,23.0,Patchy light drizzle
Nairobi,2023-12-11,24.5,14.8,18.5,80,1.12,23.4,Patchy light drizzle
Nairobi,2023-12-12,25.9,14.6,19.2,77,4.35,21.2,Patchy rain possible
Nairobi,2023-12-13,26.7,15.6,20.0,77,2.36,19.8,Patchy rain possible
Nairobi,2023-12-14,24.8,16.1,19.3,82,3.95,18.4,Light rain shower
Nairobi,2023-12-15,24.6,15.1,19.0,82,1.42,21.2,Patchy light drizzle
Nairobi,2023-12-16,23.9,15.4,18.4,83,0.69,24.5,Patchy rain possible
Nairobi,2023-12-17,23.4,15.2,18.4,82,0.44,24.8,Patchy rain possible
Nairobi,2023-12-18,24.9,14.3,18.7,75,0.08,22.0,Patchy rain possible
Nairobi,2023-12-19,25.8,15.1,19.3,76,0.06,20.9,Patchy rain possible
Nairobi,2023-12-20,23.3,15.9,18.8,78,0.04,20.9,Patchy rain possible
Nairobi,2023-12-21,25.0,15.0,19.0,80,1.02,24.1,Patchy light drizzle
Nairobi,2023-12-22,26.2,15.6,19.8,75,0.2,25.9,Patchy rain possible
Nairobi,2023-12-23,25.9,14.7,19.5,76,0.49,25.2,Patchy rain possible
Nairobi,2023-12-24,26.8,15.8,20.0,76,3.05,24.8,Patchy rain possible
Nairobi,2023-12-25,26.3,16.0,19.8,79,9.42,20.9,Patchy light drizzle
Nairobi,2023-12-26,25.9,15.5,19.3,81,0.9,27.7,Patchy rain possible
Nairobi,2023-12-27,24.7,15.2,19.1,77,0.48,28.8,Patchy light drizzle
Nairobi,2023-12-28,26.6,15.0,19.9,70,2.82,22.0,Patchy rain possible
Nairobi,2023-12-29,26.4,16.1,19.9,77,4.77,21.2,Patchy light drizzle
Nairobi,2023-12-30,24.0,16.8,19.3,82,7.44,20.2,Patchy rain possible
Nairobi,2023-12-31,24.5,16.7,19.8,78,1.41,20.9,Patchy rain possible
Nairobi,2024-01-01,26.9,16.2,19.9,76,4.41,20.5,Patchy rain possible
Mombasa,2023-10-12,29.9,23.0,25.9,72,0.1,20.2,Patchy rain possible
Mombasa,2023-10-13,31.0,22.9,26.3,79,0.11,19.4,Patchy rain possible
Mombasa,2023-10-14,30.5,23.5,26.4,80,0.19,19.1,Patchy rain possible
Mombasa,2023-10-15,31.1,23.3,26.6,79,0.03,24.8,Patchy rain possible
Mombasa,2023-10-16,30.7,24.6,27.2,77,0.98,17.3,Patchy rain possible
Mombasa,2023-10-17,31.0,23.7,26.9,78,0.53,21.6,Patchy rain possible
Mombasa,2023-10-18,30.2,24.9,26.9,80,1.48,19.1,Patchy rain possible
Mombasa,2023-10-19,30.3,24.3,26.9,77,1.3,20.9,Patchy rain possible
Mombasa,2023-10-20,30.3,23.9,26.8,77,3.74,19.4,Patchy rain possible
Mombasa,2023-10-21,30.1,23.9,26.4,76,3.19,20.9,Light rain shower
Mombasa,2023-10-22,30.1,23.9,26.4,73,0.29,20.2,Patchy rain possible
Mombasa,2023-10-23,30.7,23.9,26.7,79,0.78,19.8,Patchy rain possible
Mombasa,2023-10-24,27.8,24.1,25.9,84,7.84,15.5,Light rain shower
Mombasa,2023-10-25,30.7,24.4,27.1,78,2.98,18.7,Patchy rain possible
Mombasa,2023-10-26,31.3,24.1,27.2,78,0.32,19.8,Light rain shower
Mombasa,2023-10-27,31.2,23.9,27.1,76,0.1,20.5,Patchy rain possible
Mombasa,2023-10-28,29.7,24.2,26.8,78,3.4,16.2,Patchy rain possible
Mombasa,2023-10-29,30.7,24.1,27.0,77,0.99,21.2,Patchy rain possible
Mombasa,2023-10-30,28.7,24.0,26.1,81,15.09,13.7,Light rain shower
Mombasa,2023-10-31,28.9,23.9,25.9,80,6.86,18.4,Light rain shower
Mombasa,2023-11-01,30.1,23.8,26.7,78,1.96,20.5,Patchy rain possible
Mombasa,2023-11-02,29.4,24.1,26.5,80,13.01,19.1,Light rain shower
Mombasa,2023-11-03,25.0,23.4,23.9,94,121.52,24.1,Moderate or heavy rain shower
Mombasa,2023-11-04,24.1,22.8,23.4,94,53.66,17.6,Moderate or heavy rain shower
Mombasa,2023-11-05,28.3,23.7,25.7,85,11.93,20.2,Light rain shower
Mombasa,2023-11-06,28.8,24.2,25.6,86,6.41,19.1,Light rain shower
Mombasa,2023-11-07,28.6,24.4,26.1,82,7.91,12.2,Light rain shower
Mombasa,2023-11-08,29.1,23.6,26.2,81,2.88,16.9,Patchy light drizzle
Mombasa,2023-11-09,30.0,23.6,26.5,80,0.11,16.9,Patchy rain possible
Mombasa,2023-11-10,28.3,24.0,26.1,84,8.6,14.0,Light rain shower
Mombasa,2023-11-11,29.6,24.3,26.6,82,2.46,18.7,Patchy rain possible
Mombasa,2023-11-12,30.3,23.9,26.8,79,3.74,15.5,Light rain shower
Mombasa,2023-11-13,29.6,23.7,26.4,81,1.62,14.0,Patchy light drizzle
Mombasa,2023-11-14,30.0,24.1,26.7,81,2.01,16.9,Patchy rain possible
Mombasa,2023-11-15,29.2,24.6,26.6,82,12.08,18.7,Patchy light drizzle
Mombasa,2023-11-16,28.1,24.0,25.9,84,19.14,21.6,Light rain shower
Mombasa,2023-11-17,28.3,23.9,25.3,88,14.96,14.8,Light rain shower
Mombasa,2023-11-18,29.1,23.8,26.3,82,2.4,14.8,Light rain shower
Mombasa,2023-11-19,29.5,24.0,26.5,81,0.57,15.8,Patchy rain possible
Mombasa,2023-11-20,29.4,24.0,26.3,81,2.74,10.4,Patchy light drizzle
Mombasa,2023-11-21,29.5,24.2,26.7,81,1.52,14.0,Patchy rain possible
Mombasa,2023-11-22,29.7,24.4,26.8,80,7.83,11.5,Light rain shower
Mombasa,2023-11-23,29.3,24.1,26.4,84,4.1,14.0,Patchy light drizzle
Mombasa,2023-11-24,29.0,23.8,26.1,83,8.15,19.8,Light rain shower
Mombasa,2023-11-25,27.7,24.1,25.4,87,4.09,22.7,Light rain shower
Mombasa,2023-11-26,28.2,23.7,26.1,85,4.79,17.6,Light rain shower
Mombasa,2023-11-27,29.8,23.9,26.4,82,5.98,10.8,Patchy light drizzle
Mombasa,2023-11-28,27.5,24.4,25.7,83,10.0,11.9,Light rain shower
Mombasa,2023-11-29,30.4,24.5,27.1,80,5.47,16.2,Patchy rain possible
Mombasa,2023-11-30,30.8,24.0,27.1,81,1.23,22.0,Patchy rain possible
Mombasa,2023-12-01,31.0,24.2,27.0,81,2.17,18.7,Patchy rain possible
Mombasa,2023-12-02,29.9,24.4,26.9,81,5.35,15.1,Patchy rain possible
Mombasa,2023-12-03,30.1,24.3,26.7,82,7.25,17.6,Patchy rain possible
Mombasa,2023-12-04,30.1,24.6,27.0,80,5.28,19.8,Patchy rain possible
Mombasa,2023-12-05,30.1,24.3,26.9,79,2.26,18.0,Patchy rain possible
Mombasa,2023-12-06,30.0,24.2,27.0,80,1.1,17.3,Patchy rain possible
Mombasa,2023-12-07,29.8,24.7,26.9,80,1.27,15.8,Patchy rain possible
Mombasa,2023-12-08,29.6,24.6,27.0,81,8.71,13.0,Patchy rain possible
Mombasa,2023-12-09,29.6,24.6,26.9,81,4.0,14.8,Patchy light drizzle
Mombasa,2023-12-10,29.1,24.2,26.5,81,5.58,15.1,Patchy rain possible
Mombasa,2023-12-11,29.9,24.3,26.9,79,3.76,14.0,Patchy rain possible
Mombasa,2023-12-12,30.0,23.7,26.8,79,2.1,14.8,Patchy rain possible
Mombasa,2023-12-13,29.9,24.7,27.0,79,0.15,15.5,Patchy rain possible
Mombasa,2023-12-14,29.6,24.4,26.9,80,0.47,13.3,Patchy rain possible
Mombasa,2023-12-15,29.8,25.1,27.2,81,4.07,14.4,Patchy light rain with thunder
Mombasa,2023-12-16,30.1,23.9,26.8,80,6.49,15.1,Moderate rain at times
Mombasa,2023-12-17,30.1,24.4,26.9,79,5.52,16.9,Patchy rain possible
Mombasa,2023-12-18,30.3,24.3,27.1,77,2.18,16.6,Patchy rain possible
Mombasa,2023-12-19,31.1,24.4,27.4,78,2.04,19.1,Patchy light drizzle
Mombasa,2023-12-20,31.3,24.6,27.5,79,1.61,22.7,Patchy light drizzle
Mombasa,2023-12-21,31.1,24.9,27.4,82,1.28,22.0,Patchy rain possible
Mombasa,2023-12-22,30.6,24.9,27.5,81,6.94,19.8,Patchy rain possible
Mombasa,2023-12-23,30.4,24.9,27.0,82,10.41,16.9,Patchy light rain
Mombasa,2023-12-24,30.3,24.9,27.3,82,5.49,17.6,Patchy light drizzle
Mombasa,2023-12-25,29.6,25.1,27.3,83,2.59,15.8,Light rain shower
Mombasa,2023-12-26,30.3,24.7,27.3,82,6.27,21.6,Patchy rain possible
Mombasa,2023-12-27,29.8,24.7,27.0,83,6.16,20.9,Light rain shower
Mombasa,2023-12-28,30.5,24.4,27.5,80,2.17,18.0,Patchy rain possible
Mombasa,2023-12-29,31.2,24.6,27.3,82,3.3,19.4,Patchy rain possible
Mombasa,2023-12-30,31.5,25.7,27.7,81,5.05,16.6,Patchy light rain with thunder
Mombasa,2023-12-31,30.9,25.6,27.7,81,7.88,19.4,Patchy rain possible
Mombasa,2024-01-01,30.9,25.2,27.7,80,1.03,19.8,Patchy light rain with thunder
Kisumu,2023-10-12,26.9,18.9,21.5,80,20.4,17.3,Moderate rain at times
Kisumu,2023-10-13,27.7,19.0,22.8,70,3.78,10.8,Patchy rain possible
Kisumu,2023-10-14,28.6,18.9,21.8,75,12.03,15.5,Moderate rain at times
Kisumu,2023-10-15,28.2,19.4,22.4,72,1.23,26.6,Patchy rain possible
Kisumu,2023-10-16,28.0,19.0,22.2,70,1.86,23.8,Patchy rain possible
Kisumu,2023-10-17,25.5,18.7,21.7,79,2.67,16.2,Patchy rain possible
Kisumu,2023-10-18,27.4,19.1,22.2,74,5.52,25.6,Patchy light rain
Kisumu,2023-10-19,26.6,18.7,22.3,72,0.66,13.7,Patchy rain possible
Kisumu,2023-10-20,27.6,18.3,22.2,72,3.16,10.8,Patchy rain possible
Kisumu,2023-10-21,26.8,18.6,22.1,73,6.04,13.7,Patchy rain possible
Kisumu,2023-10-22,27.6,19.2,21.7,77,9.33,27.0,Light rain
Kisumu,2023-10-23,28.0,18.8,22.8,72,2.9,12.6,Patchy light rain with thunder
Kisumu,2023-10-24,28.6,18.5,23.4,61,0.03,11.5,Sunny
Kisumu,2023-10-25,28.4,19.4,22.6,69,3.29,21.6,Patchy rain possible
Kisumu,2023-10-26,27.7,19.0,23.1,66,1.27,10.8,Patchy light drizzle
Kisumu,2023-10-27,27.9,18.6,22.7,69,2.64,12.2,Patchy rain possible
Kisumu,2023-10-28,26.9,18.3,22.1,72,6.04,10.4,Patchy rain possible
Kisumu,2023-10-29,27.0,18.2,21.8,73,4.1,11.5,Patchy rain possible
Kisumu,2023-10-30,28.0,18.4,22.3,72,1.63,12.2,Patchy rain possible
Kisumu,2023-10-31,27.8,18.3,21.5,76,27.46,18.4,Heavy rain at times
Kisumu,2023-11-01,27.8,18.9,22.3,75,5.16,11.5,Light rain shower
Kisumu,2023-11-02,27.3,18.9,21.9,78,43.69,18.0,Heavy rain
Kisumu,2023-11-03,24.1,18.9,20.6,84,13.0,15.8,Light rain shower
Kisumu,2023-11-04,21.3,19.2,19.9,90,15.02,5.4,Light rain shower
Kisumu,2023-11-05,24.6,18.7,21.0,83,43.76,9.4,Moderate or heavy rain shower
Kisumu,2023-11-06,24.3,19.2,21.1,85,47.85,10.4,Torrential rain shower
Kisumu,2023-11-07,23.9,18.0,20.9,84,19.66,17.6,Light rain shower
Kisumu,2023-11-08,25.5,18.8,21.7,80,14.4,8.6,Moderate or heavy rain shower
Kisumu,2023-11-09,26.1,19.2,21.9,76,9.74,14.0,Moderate or heavy rain shower
Kisumu,2023-11-10,25.5,19.0,21.5,80,17.01,12.2,Moderate or heavy rain shower
Kisumu,2023-11-11,25.5,19.2,21.8,76,8.39,7.2,Light rain shower
Kisumu,2023-11-12,26.6,19.3,22.1,77,12.76,12.2,Light rain shower
Kisumu,2023-11-13,25.8,19.9,21.9,83,19.19,12.6,Light rain shower
Kisumu,2023-11-14,26.0,18.9,22.0,76,8.1,11.5,Patchy light rain
Kisumu,2023-11-15,26.2,18.7,21.8,79,8.11,14.0,Light rain shower
Kisumu,2023-11-16,27.0,19.5,22.8,75,5.71,11.2,Moderate rain at times
Kisumu,2023-11-17,26.0,19.0,22.0,78,6.91,11.5,Patchy light drizzle
Kisumu,2023-11-18,26.7,18.9,22.4,72,2.53,13.3,Patchy rain possible
Kisumu,2023-11-19,26.5,18.7,22.4,71,2.84,11.5,Patchy rain possible
Kisumu,2023-11-20,25.4,18.7,21.7,79,7.58,9.0,Patchy light drizzle
Kisumu,2023-11-21,26.2,18.6,21.1,78,13.33,16.6,Moderate or heavy rain shower
Kisumu,2023-11-22,23.6,18.3,20.7,75,0.36,9.7,Patchy rain possible
Kisumu,2023-11-23,26.3,18.2,22.0,74,4.42,14.4,Light rain shower
Kisumu,2023-11-24,26.3,19.0,21.0,80,16.37,20.9,Light rain shower
Kisumu,2023-11-25,26.0,18.2,21.6,76,6.34,10.1,Patchy rain possible
Kisumu,2023-11-26,25.7,19.2,21.4,82,28.01,15.5,Light rain shower
Kisumu,2023-11-27,24.8,18.1,20.9,83,16.8,16.6,Light rain shower
Kisumu,2023-11-28,24.6,18.4,21.1,81,21.09,13.7,Moderate or heavy rain shower
Kisumu,2023-11-29,25.7,18.5,21.7,75,3.68,10.8,Patchy rain possible
Kisumu,2023-11-30,26.1,17.5,21.8,70,0.47,12.2,Patchy rain possible
Kisumu,2023-12-01,26.3,17.7,21.7,70,2.06,10.8,Patchy rain possible
Kisumu,2023-12-02,25.8,17.8,21.4,73,6.33,10.4,Patchy rain possible
Kisumu,2023-12-03,25.7,18.3,21.3,75,8.84,10.8,Patchy rain possible
Kisumu,2023-12-04,25.9,18.5,21.9,73,6.05,11.5,Patchy rain possible
Kisumu,2023-12-05,25.6,17.9,21.3,75,7.23,15.5,Patchy rain possible
Kisumu,2023-12-06,25.4,18.3,21.4,77,14.02,10.1,Moderate or heavy rain shower
Kisumu,2023-12-07,25.5,18.6,21.7,76,14.82,10.4,Patchy rain possible
Kisumu,2023-12-08,26.0,18.1,21.8,74,5.78,11.9,Patchy rain possible
Kisumu,2023-12-09,26.1,18.5,21.9,75,7.02,12.2,Patchy rain possible
Kisumu,2023-12-10,24.5,19.1,21.3,82,20.39,12.6,Light rain shower
Kisumu,2023-12-11,25.7,18.9,21.8,77,8.57,13.0,Light rain shower
Kisumu,2023-12-12,26.5,18.3,21.9,75,5.05,12.6,Patchy rain possible
Kisumu,2023-12-13,26.5,18.3,22.0,75,8.7,10.4,Light rain shower
Kisumu,2023-12-14,24.8,19.0,21.6,81,10.03,12.2,Patchy rain possible
Kisumu,2023-12-15,26.5,19.3,22.3,76,9.3,10.1,Patchy rain possible
Kisumu,2023-12-16,26.2,19.3,22.4,75,6.96,10.4,Patchy rain possible
Kisumu,2023-12-17,26.8,19.4,22.8,72,1.43,9.0,Patchy rain possible
Kisumu,2023-12-18,27.1,17.8,22.4,69,0.49,14.4,Patchy rain possible
Kisumu,2023-12-19,27.6,20.1,23.2,68,2.35,11.5,Patchy rain possible
Kisumu,2023-12-20,27.0,20.1,22.4,75,7.4,12.6,Patchy rain possible
Kisumu,2023-12-21,24.0,20.4,21.6,77,1.43,12.2,Patchy rain possible
Kisumu,2023-12-22,27.2,19.2,22.9,67,0.36,11.9,Patchy rain possible
Kisumu,2023-12-23,27.4,19.3,23.0,65,0.06,12.6,Sunny
Kisumu,2023-12-24,28.3,19.2,23.0,66,1.1,10.4,Patchy rain possible
Kisumu,2023-12-25,27.9,20.1,23.3,66,3.13,11.5,Patchy rain possible
Kisumu,2023-12-26,26.7,19.3,22.5,71,0.44,11.9,Patchy rain possible
Kisumu,2023-12-27,27.3,20.5,23.5,66,1.69,11.9,Patchy rain possible
Kisumu,2023-12-28,24.6,18.3,21.1,79,12.94,18.0,Patchy light drizzle
Kisumu,2023-12-29,25.4,19.4,22.0,77,18.2,11.2,Light rain shower
Kisumu,2023-12-30,25.5,19.9,22.2,78,15.53,10.4,Light rain shower
Kisumu,2023-12-31,26.2,19.7,21.9,78,17.6,15.8,Patchy rain possible
Kisumu,2024-01-01,24.9,19.1,21.3,83,25.07,15.1,Light rain shower
Nakuru,2023-10-12,24.3,14.1,18.5,65,1.14,18.7,Patchy rain possible
Nakuru,2023-10-13,24.5,13.5,18.6,63,0.56,10.4,Patchy rain possible
Nakuru,2023-10-14,25.6,13.3,17.9,70,2.64,15.8,Patchy light drizzle
Nakuru,2023-10-15,25.7,13.3,17.4,76,3.46,13.7,Patchy light drizzle
Nakuru,2023-10-16,24.3,12.7,17.1,75,3.02,12.6,Light rain shower
Nakuru,2023-10-17,23.5,13.1,17.8,71,1.8,12.2,Light rain shower
Nakuru,2023-10-18,24.8,13.8,17.4,77,5.88,18.4,Patchy rain possible
Nakuru,2023-10-19,25.4,12.9,17.5,71,0.82,15.1,Patchy rain possible
Nakuru,2023-10-20,25.5,12.4,18.0,64,0.02,12.2,Patchy rain possible
Nakuru,2023-10-21,22.4,12.8,16.9,73,2.64,12.2,Patchy light drizzle
Nakuru,2023-10-22,23.5,13.4,17.3,78,6.05,17.3,Patchy light rain
Nakuru,2023-10-23,26.8,13.2,18.9,65,0.5,9.4,Patchy rain possible
Nakuru,2023-10-24,25.2,12.5,18.5,58,0.0,13.3,Sunny
Nakuru,2023-10-25,23.7,13.2,17.5,72,1.92,7.6,Patchy light drizzle
Nakuru,2023-10-26,25.1,12.6,18.1,64,0.22,12.6,Patchy rain possible
Nakuru,2023-10-27,23.6,12.3,17.1,68,0.31,14.8,Patchy rain possible
Nakuru,2023-10-28,23.2,12.2,17.1,68,0.9,9.7,Patchy rain possible
Nakuru,2023-10-29,22.1,12.3,16.2,80,3.42,15.8,Patchy light drizzle
Nakuru,2023-10-30,23.2,13.0,16.5,78,2.01,14.8,Patchy rain possible
Nakuru,2023-10-31,23.4,12.9,17.0,77,6.44,18.0,Patchy rain possible
Nakuru,2023-11-01,23.2,12.1,17.0,72,1.29,10.4,Patchy rain possible
Nakuru,2023-11-02,23.8,12.7,16.9,79,8.84,11.2,Light rain shower
Nakuru,2023-11-03,20.3,14.2,16.3,86,7.37,12.6,Light rain shower
Nakuru,2023-11-04,17.2,13.7,15.2,91,14.76,14.0,Light rain shower
Nakuru,2023-11-05,21.5,12.7,16.4,83,17.68,11.5,Light rain shower
Nakuru,2023-11-06,19.6,13.7,15.9,86,7.24,6.5,Light rain shower
Nakuru,2023-11-07,21.0,14.0,16.5,85,13.48,15.1,Light rain shower
Nakuru,2023-11-08,21.0,13.2,16.9,80,7.62,11.5,Light rain shower
Nakuru,2023-11-09,21.5,13.1,16.5,82,6.6,12.2,Light rain shower
Nakuru,2023-11-10,20.6,13.8,16.8,81,7.65,13.0,Light rain shower
Nakuru,2023-11-11,21.1,14.4,16.6,81,4.51,15.5,Light rain shower
Nakuru,2023-11-12,21.6,13.8,16.8,82,5.38,13.7,Patchy light drizzle
Nakuru,2023-11-13,20.8,14.0,16.8,85,8.7,10.8,Light rain shower
Nakuru,2023-11-14,21.5,13.2,16.8,82,6.27,7.9,Patchy light rain
Nakuru,2023-11-15,22.0,14.2,16.9,83,6.85,8.3,Light rain shower
Nakuru,2023-11-16,22.8,12.4,17.2,77,3.55,13.7,Patchy rain possible
Nakuru,2023-11-17,23.2,12.5,17.3,74,0.27,10.4,Patchy rain possible
Nakuru,2023-11-18,23.0,12.5,17.2,74,2.77,12.2,Patchy rain possible
Nakuru,2023-11-19,22.8,12.5,17.1,75,4.1,14.0,Patchy rain possible
Nakuru,2023-11-20,19.9,13.7,16.3,82,3.11,11.2,Light drizzle
Nakuru,2023-11-21,21.3,13.8,16.4,83,5.56,11.2,Light rain shower
Nakuru,2023-11-22,18.5,12.2,14.6,87,3.21,6.5,Light rain
Nakuru,2023-11-23,20.4,13.0,16.4,84,6.44,9.7,Light rain shower
Nakuru,2023-11-24,19.7,13.1,15.4,87,5.39,7.6,Light rain shower
Nakuru,2023-11-25,22.0,12.6,16.5,78,3.05,15.8,Patchy light drizzle
Nakuru,2023-11-26,22.6,13.3,16.8,80,5.2,16.2,Light rain shower
Nakuru,2023-11-27,22.5,13.4,17.1,72,0.22,19.8,Patchy rain possible
Nakuru,2023-11-28,20.9,13.2,16.6,78,5.12,16.6,Patchy light drizzle
Nakuru,2023-11-29,23.2,12.4,17.3,67,0.0,18.4,Partly cloudy
Nakuru,2023-11-30,23.2,10.7,16.6,65,0.0,18.7,Sunny
Nakuru,2023-12-01,23.1,11.0,16.4,68,0.02,14.8,Patchy rain possible
Nakuru,2023-12-02,22.4,12.0,16.6,71,0.4,17.6,Patchy rain possible
Nakuru,2023-12-03,23.2,11.7,16.9,73,1.13,15.8,Patchy rain possible
Nakuru,2023-12-04,23.4,11.6,16.7,70,0.04,19.8,Patchy rain possible
Nakuru,2023-12-05,23.8,10.8,16.5,68,0.01,15.5,Patchy rain possible
Nakuru,2023-12-06,21.8,14.6,16.7,75,3.39,10.8,Light rain shower
Nakuru,2023-12-07,23.4,12.5,17.1,73,2.14,14.8,Patchy rain possible
Nakuru,2023-12-08,24.0,11.2,17.1,70,0.85,16.2,Patchy light drizzle
Nakuru,2023-12-09,23.6,11.5,17.6,71,1.97,12.2,Patchy rain possible
Nakuru,2023-12-10,21.5,14.4,17.2,81,9.24,11.2,Light rain shower
Nakuru,2023-12-11,23.9,12.5,17.2,72,0.23,14.8,Patchy rain possible
Nakuru,2023-12-12,24.9,12.1,18.0,67,0.05,13.3,Patchy rain possible
Nakuru,2023-12-13,24.5,11.8,17.4,72,2.22,16.2,Patchy light drizzle
Nakuru,2023-12-14,23.6,13.2,17.6,72,2.7,13.0,Patchy rain possible
Nakuru,2023-12-15,23.8,12.3,17.2,75,0.81,18.4,Patchy rain possible
Nakuru,2023-12-16,22.2,14.8,17.7,72,0.4,20.2,Patchy rain possible
Nakuru,2023-12-17,23.4,13.6,17.6,69,0.16,19.4,Patchy rain possible
Nakuru,2023-12-18,25.2,11.2,17.1,68,0.02,15.8,Patchy rain possible
Nakuru,2023-12-19,22.9,11.9,17.0,75,0.85,14.4,Patchy rain possible
Nakuru,2023-12-20,23.0,14.9,17.6,75,4.75,15.5,Patchy rain possible
Nakuru,2023-12-21,23.1,14.0,17.7,71,1.0,20.5,Patchy rain possible
Nakuru,2023-12-22,24.7,11.9,17.6,65,0.03,19.1,Patchy rain possible
Nakuru,2023-12-23,24.1,12.3,17.4,67,0.14,19.8,Patchy rain possible
Nakuru,2023-12-24,24.9,13.5,18.0,65,0.13,19.1,Patchy rain possible
Nakuru,2023-12-25,24.8,12.9,18.1,67,0.07,18.4,Patchy rain possible
Nakuru,2023-12-26,23.7,12.9,17.9,71,0.34,20.9,Patchy rain possible
Nakuru,2023-12-27,24.4,12.0,17.3,67,0.01,22.7,Partly cloudy
Nakuru,2023-12-28,25.8,11.2,17.6,61,0.02,13.7,Sunny
Nakuru,2023-12-29,24.6,13.4,17.9,67,0.48,13.0,Patchy rain possible
Nakuru,2023-12-30,23.6,12.8,17.7,72,2.58,13.7,Patchy rain possible
Nakuru,2023-12-31,24.9,12.9,18.0,70,0.87,16.9,Patchy rain possible
Nakuru,2024-01-01,25.0,13.4,18.1,70,1.87,15.5,Patchy rain possible
Eldoret,2023-10-12,24.1,12.7,17.5,72,2.5,15.1,Patchy rain possible
Eldoret,2023-10-13,24.1,12.8,18.0,66,0.99,14.0,Patchy rain possible
Eldoret,2023-10-14,25.0,13.1,17.7,72,4.95,22.7,Light rain shower
Eldoret,2023-10-15,24.6,13.9,17.8,74,3.34,26.6,Patchy light rain
Eldoret,2023-10-16,24.3,13.4,17.7,74,3.83,22.0,Light rain shower
Eldoret,2023-10-17,23.9,12.7,17.0,78,4.35,16.6,Patchy rain possible
Eldoret,2023-10-18,24.6,13.2,17.5,77,15.26,21.6,Patchy rain possible
Eldoret,2023-10-19,24.2,13.0,17.7,74,0.7,19.4,Patchy rain possible
Eldoret,2023-10-20,23.9,12.2,17.6,72,0.42,17.6,Patchy rain possible
Eldoret,2023-10-21,23.2,12.6,16.8,76,27.07,16.2,Patchy rain possible
Eldoret,2023-10-22,22.2,13.6,16.7,82,54.04,18.4,Patchy rain possible
Eldoret,2023-10-23,23.9,13.1,17.0,79,7.95,23.8,Patchy light rain
Eldoret,2023-10-24,24.8,12.1,18.2,62,0.0,22.0,Sunny
Eldoret,2023-10-25,24.2,13.9,18.4,68,0.42,23.8,Patchy rain possible
Eldoret,2023-10-26,24.4,13.0,18.0,68,0.44,22.3,Patchy rain possible
Eldoret,2023-10-27,24.3,12.4,17.5,70,0.4,22.3,Patchy rain possible
Eldoret,2023-10-28,23.3,12.3,16.9,72,2.63,18.7,Patchy rain possible
Eldoret,2023-10-29,23.5,12.5,16.8,79,13.99,18.0,Patchy rain possible
Eldoret,2023-10-30,23.1,12.7,16.8,79,14.06,25.9,Patchy rain possible
Eldoret,2023-10-31,23.5,13.0,17.2,78,2.82,22.7,Patchy rain possible
Eldoret,2023-11-01,23.4,13.0,17.4,76,0.68,22.0,Patchy rain possible
Eldoret,2023-11-02,22.7,13.2,17.0,81,21.8,17.3,Patchy rain possible
Eldoret,2023-11-03,19.2,13.4,15.4,88,15.57,13.7,Light rain shower
Eldoret,2023-11-04,19.5,14.0,15.7,88,10.13,8.3,Light rain shower
Eldoret,2023-11-05,21.0,13.0,16.2,86,22.83,12.6,Light rain shower
Eldoret,2023-11-06,21.8,13.2,16.8,83,66.42,14.8,Patchy rain possible
Eldoret,2023-11-07,20.9,14.3,16.4,85,38.43,12.2,Light rain shower
Eldoret,2023-11-08,22.1,12.8,16.7,82,6.81,16.6,Light rain shower
Eldoret,2023-11-09,22.3,12.7,16.9,76,1.64,25.2,Patchy rain possible
Eldoret,2023-11-10,21.9,12.8,16.6,82,5.78,24.1,Light rain shower
Eldoret,2023-11-11,22.0,13.0,16.5,79,1.67,24.1,Patchy rain possible
Eldoret,2023-11-12,22.4,13.6,16.7,78,2.91,26.6,Patchy rain possible
Eldoret,2023-11-13,20.9,13.9,16.5,84,7.51,24.1,Light rain shower
Eldoret,2023-11-14,22.0,12.9,16.8,80,5.32,20.5,Patchy rain possible
Eldoret,2023-11-15,23.1,12.7,17.2,76,2.88,18.7,Patchy rain possible
Eldoret,2023-11-16,23.8,13.3,17.8,73,0.33,20.9,Patchy rain possible
Eldoret,2023-11-17,22.9,13.3,17.3,74,0.04,20.9,Patchy rain possible
Eldoret,2023-11-18,23.5,12.9,17.7,71,0.07,21.2,Patchy rain possible
Eldoret,2023-11-19,24.0,12.7,17.6,74,1.84,18.7,Patchy rain possible
Eldoret,2023-11-20,20.7,14.1,15.8,86,0.92,23.0,Patchy rain possible
Eldoret,2023-11-21,22.3,13.4,16.6,82,5.63,19.8,Light rain shower
Eldoret,2023-11-22,17.9,12.5,14.5,88,1.74,26.6,Light rain shower
Eldoret,2023-11-23,21.7,12.9,16.4,80,1.37,24.5,Patchy rain possible
Eldoret,2023-11-24,21.7,13.2,16.3,80,3.32,23.0,Light rain shower
Eldoret,2023-11-25,22.8,12.9,17.2,70,0.23,19.8,Patchy rain possible
Eldoret,2023-11-26,22.0,13.2,16.9,77,3.01,22.0,Patchy rain possible
Eldoret,2023-11-27,21.5,12.7,16.5,73,0.26,20.9,Patchy rain possible
Eldoret,2023-11-28,22.8,12.7,16.7,74,2.15,22.0,Light rain shower
Eldoret,2023-11-29,22.1,12.3,16.8,68,0.0,19.4,Partly cloudy
Eldoret,2023-11-30,22.2,12.2,16.8,63,0.0,23.4,Partly cloudy
Eldoret,2023-12-01,23.0,12.1,17.2,58,0.0,18.0,Sunny
Eldoret,2023-12-02,23.0,12.9,17.3,62,0.18,16.2,Patchy rain possible
Eldoret,2023-12-03,22.9,12.5,17.3,70,0.21,16.2,Patchy rain possible
Eldoret,2023-12-04,23.2,12.3,17.3,67,0.0,22.7,Partly cloudy
Eldoret,2023-12-05,23.2,11.9,17.1,64,0.03,18.4,Patchy rain possible
Eldoret,2023-12-06,24.2,12.7,17.5,69,2.28,15.5,Patchy rain possible
Eldoret,2023-12-07,23.6,13.1,17.4,73,4.3,13.3,Patchy rain possible
Eldoret,2023-12-08,24.0,12.8,17.6,67,1.63,13.7,Moderate rain at times
Eldoret,2023-12-09,25.0,13.0,17.9,70,2.03,15.8,Patchy rain possible
Eldoret,2023-12-10,21.9,14.4,17.0,80,11.05,17.6,Light rain shower
Eldoret,2023-12-11,23.9,13.3,17.9,71,0.43,18.0,Patchy rain possible
Eldoret,2023-12-12,24.6,12.8,17.9,67,0.37,18.7,Patchy rain possible
Eldoret,2023-12-13,25.1,13.5,18.3,64,0.23,13.3,Patchy rain possible
Eldoret,2023-12-14,23.9,13.8,18.4,69,1.85,15.8,Patchy rain possible
Eldoret,2023-12-15,23.8,13.5,17.8,73,0.63,18.0,Patchy rain possible
Eldoret,2023-12-16,22.1,13.2,17.2,72,0.22,22.7,Patchy rain possible
Eldoret,2023-12-17,22.8,13.3,17.5,69,0.35,29.2,Patchy rain possible
Eldoret,2023-12-18,24.7,12.3,17.9,63,0.51,24.8,Partly cloudy
Eldoret,2023-12-19,23.9,13.7,17.8,67,0.16,22.7,Patchy rain possible
Eldoret,2023-12-20,23.0,15.1,17.5,74,8.34,16.2,Light rain shower
Eldoret,2023-12-21,23.8,15.0,18.1,70,2.8,20.5,Light rain shower
Eldoret,2023-12-22,25.3,14.1,19.0,59,0.01,26.3,Partly cloudy
Eldoret,2023-12-23,24.9,14.0,18.8,59,0.0,24.1,Sunny
Eldoret,2023-12-24,24.8,13.8,18.3,64,0.23,16.6,Patchy rain possible
Eldoret,2023-12-25,25.2,14.2,19.1,60,0.04,17.3,Patchy rain possible
Eldoret,2023-12-26,24.6,13.9,18.5,68,0.16,24.1,Patchy rain possible
Eldoret,2023-12-27,24.3,13.6,18.1,67,0.0,29.9,Partly cloudy
Eldoret,2023-12-28,24.8,13.5,17.7,66,3.84,19.8,Patchy rain possible
Eldoret,2023-12-29,22.7,15.1,18.4,64,1.42,16.6,Patchy rain possible
Eldoret,2023-12-30,24.2,14.2,17.9,73,4.23,16.2,Light rain shower
Eldoret,2023-12-31,24.6,13.6,18.1,74,6.31,18.0,Patchy rain possible
Eldoret,2024-01-01,22.6,13.5,17.4,77,15.43,14.8,Patchy light rain
